qubits,state_dim,p,delta,time_lumping,memory_mb,ambient_dim,reduced_dim,red_ratio
2,4,0.05,1e-06,0.0029530630001772806,0.03704833984375,16,2,0.125
3,8,0.05,1e-06,0.008223002000022461,0.08351898193359375,64,2,0.03125
4,16,0.05,1e-06,0.06073047599988968,0.24837303161621094,256,3,0.01171875
5,32,0.05,1e-06,0.24193622899997536,0.6089649200439453,1024,3,0.0029296875
6,64,0.05,1e-06,1.4044119949999185,2.529817581176758,4096,4,0.0009765625
7,128,0.05,1e-06,5.886523066000109,7.192157745361328,16384,4,0.000244140625
8,256,0.05,1e-06,23.204648625000118,34.92951202392578,65536,5,7.62939453125e-05
9,512,0.05,1e-06,87.45935855900007,105.61978149414062,262144,5,1.9073486328125e-05
10,1024,0.05,1e-06,433.674145297,547.6741409301758,1048576,6,5.7220458984375e-06
